Building,mean_kWh,min_kWh,max_kWh,total_kWh
Engineering,16.15714285714286,8.0,25.0,226.2
Hostel,16.15714285714286,8.0,25.0,226.2
Library,16.15714285714286,8.0,25.0,226.2
